{
  "anio": 2025,
  "mes": "Diciembre",
  "poblacion_expandida": 7325689.009619943,
  "tasa_pobreza_ingresos_pct": 21.341916934777878,
  "tasa_extrema_pobreza_ingresos_pct": 6.9254868752299625,
  "gini_nacional": 0.46573484349350525,
  "tasa_ipm_proxy_pct": 73.38640219453788
}