{
  "provincia": "Pichincha",
  "codigo_dpa": 17,
  "anio": 2025,
  "mes": "Diciembre",
  "poblacion_expandida": 3375369.5592888854,
  "tasa_pobreza_ingresos_pct": 10.81557322550337,
  "tasa_extrema_pobreza_ingresos_pct": 3.487089713972376,
  "gini_pichincha": 0.4532304642857612,
  "tasa_ipm_proxy_pct": 16.084914591949246
}